fid,name,years_from,years_to,ruler,desc_link
791,Белозерское княжество,1238,1277,Глеб Василькович,https://runivers.ru/doc/rusland/knyazheniya/481491/
791,Белозерское княжество,1278,1278,Михаил Глебович,https://runivers.ru/doc/rusland/knyazheniya/481492/
791,Белозерское княжество,1279,1286,Дмитрий Борисович,https://runivers.ru/doc/rusland/knyazheniya/481493/
791,Белозерское княжество,1287,1292,Правитель не известен,
791,Белозерское княжество,1293,1314,"Федор Михайлович
(Возможно начало правления - 1302 г. Дата конца правления дана приблизительно.)",https://runivers.ru/doc/rusland/knyazheniya/481494/
791,Белозерское княжество,1315,1339,"Роман Михайлович
(Даты начала и конца правления даны приблизительно",https://runivers.ru/doc/rusland/knyazheniya/481495/
803,Владимирское княжество,1157,1174,Андрей Юрьевич Боголюбский,https://runivers.ru/doc/rusland/knyazheniya/576369/
803,Владимирское княжество,1175,1175,Ярополк Ростиславич,https://runivers.ru/doc/rusland/knyazheniya/576370/
803,Владимирское княжество,1176,1176,Михаил (Михалко) Юрьевич,https://runivers.ru/doc/rusland/knyazheniya/576372/
803,Владимирское княжество,1176,1212,Всеволод Юрьевич,https://runivers.ru/doc/rusland/knyazheniya/576373/
803,Владимирское княжество,1213,1216,Юрий Всеволодович (1-й раз),https://runivers.ru/doc/rusland/knyazheniya/576406/
803,Владимирское княжество,1217,1218,Константин Всеволодович,https://runivers.ru/doc/rusland/knyazheniya/576407/
803,Владимирское княжество,1219,1238,Юрий Всеволодович (2-й раз),https://runivers.ru/doc/rusland/knyazheniya/576408/
803,Владимирское княжество,1238,1246,Ярослав Всеволодович,https://runivers.ru/doc/rusland/knyazheniya/576409/
803,Владимирское княжество,1247,1247,Святослав Всеволодович,https://runivers.ru/doc/rusland/knyazheniya/576410/
803,Владимирское княжество,1248,1248,Михаил Ярославич,https://runivers.ru/doc/rusland/knyazheniya/576411/
803,Владимирское княжество,1249,1252,Андрей Ярославич,https://runivers.ru/doc/rusland/knyazheniya/576414/
803,Владимирское княжество,1253,1263,Александр Ярославич,https://runivers.ru/doc/rusland/knyazheniya/576416/
803,Владимирское княжество,1264,1271,Ярослав Ярославич,https://runivers.ru/doc/rusland/knyazheniya/576417/
803,Владимирское княжество,1272,1276,Василий Ярославич,https://runivers.ru/doc/rusland/knyazheniya/576418/
803,Владимирское княжество,1277,1281,Дмитрий Александрович (1-й раз),https://runivers.ru/doc/rusland/knyazheniya/576419/
803,Владимирское княжество,1282,1283,Андрей Александрович (1-й раз),https://runivers.ru/doc/rusland/knyazheniya/576421/
803,Владимирское княжество,1284,1294,Дмитрий Александрович (2-й раз),https://runivers.ru/doc/rusland/knyazheniya/576422/
803,Владимирское княжество,1295,1304,Андрей Александрович (2-й раз),https://runivers.ru/doc/rusland/knyazheniya/576423/
803,Владимирское княжество,1305,1317,Михаил Ярославич,https://runivers.ru/doc/rusland/knyazheniya/576424/
803,Владимирское княжество,1318,1322,Юрий Данилович,https://runivers.ru/doc/rusland/knyazheniya/576425/
803,Владимирское княжество,1323,1326,Дмитрий Михайлович,https://runivers.ru/doc/rusland/knyazheniya/576426/
803,Владимирское княжество,1327,1327,Александр Михайлович,https://runivers.ru/doc/rusland/knyazheniya/576427/
803,Владимирское княжество,1328,1331,Александр Васильевич и Иван Данилович Калита,https://runivers.ru/doc/rusland/knyazheniya/576428/
803,Владимирское княжество,1332,1340,Иван Данилович,https://runivers.ru/doc/rusland/knyazheniya/576429/
803,Владимирское княжество,1341,1353,Симеон Иванович,https://runivers.ru/doc/rusland/knyazheniya/576431/
803,Владимирское княжество,1354,1359,Иван Иванович,https://runivers.ru/doc/rusland/knyazheniya/576432/
803,Владимирское княжество,1360,1362,Дмитрий Константинович,https://runivers.ru/doc/rusland/knyazheniya/576433/
803,Владимирское княжество,1363,1389,Дмитрий Иванович,https://runivers.ru/doc/rusland/knyazheniya/576434/
1104,Волынская земля,1054,1057,Игорь Ярославич,https://runivers.ru/doc/rusland/knyazheniya/481496/
1104,Волынская земля,1058,1064,"Ростислав Владимирович
(Даты начала и конца правления даны приблизительно)",https://runivers.ru/doc/rusland/knyazheniya/481497/
1104,Волынская земля,1073,1078,"Олег Святославич (""Гориславич"")
(Возможно начало правления - 1075 г.)",https://runivers.ru/doc/rusland/knyazheniya/481498/
1104,Волынская земля,1078,1085,Ярополк Изяславич (1-й раз),https://runivers.ru/doc/rusland/knyazheniya/481499/
1104,Волынская земля,1086,1086,Давыд Игоревич (1-й раз),https://runivers.ru/doc/rusland/knyazheniya/481500/
1104,Волынская земля,1086,1086,Ярополк Изяславич (2-й раз),https://runivers.ru/doc/rusland/knyazheniya/481501/
1104,Волынская земля,1087,1098,Давыд Игоревич (2-й раз),https://runivers.ru/doc/rusland/knyazheniya/481502/
1104,Волынская земля,1099,1099,Мстислав Святополчич,https://runivers.ru/doc/rusland/knyazheniya/481503/
1104,Волынская земля,1099,1099,Давыд Игоревич (3-й раз),https://runivers.ru/doc/rusland/knyazheniya/481504/
1104,Волынская земля,1100,1117,Ярослав Святополчич,https://runivers.ru/doc/rusland/knyazheniya/481505/
1104,Волынская земля,1118,1119,Роман Владимирович,https://runivers.ru/doc/rusland/knyazheniya/481506/
1104,Волынская земля,1120,1135,Андрей Владимирович (Добрый),https://runivers.ru/doc/rusland/knyazheniya/481507/
1104,Волынская земля,1136,1142,Изяслав Мстиславич (1-й раз),https://runivers.ru/doc/rusland/knyazheniya/481508/
1104,Волынская земля,1143, 1146,Святослав Всеволодович,https://runivers.ru/doc/rusland/knyazheniya/481509/
1104,Волынская земля,1147,1148,Владимир Андреевич Дорогобужский,https://runivers.ru/doc/rusland/knyazheniya/481510/
1104,Волынская земля,1149,1149,Святополк Мстиславич (1-й раз),https://runivers.ru/doc/rusland/knyazheniya/481511/
1104,Волынская земля,1150,1151,Изяслав Мстиславич (2-й раз),https://runivers.ru/doc/rusland/knyazheniya/481512/
1104,Волынская земля,1152,1154,Святополк Мстиславич (2-й раз),https://runivers.ru/doc/rusland/knyazheniya/481513/
1104,Волынская земля,1155,1156,Владимир Мстиславич,https://runivers.ru/doc/rusland/knyazheniya/481514/
1104,Волынская земля,1156,1170,Мстислав Изяславич,https://runivers.ru/doc/rusland/knyazheniya/481515/
1104,Волынская земля,1171,1187,Роман Мстиславич (1-й раз),https://runivers.ru/doc/rusland/knyazheniya/481516/
1104,Волынская земля,1188,1188,Всеволод Мстиславич (Бельзский),https://runivers.ru/doc/rusland/knyazheniya/481517/
1104,Волынская земля,1189,1205,Роман Мстиславич (2-й раз),https://runivers.ru/doc/rusland/knyazheniya/481518/
1104,Волынская земля,1206,1239,Даниил Романович,https://runivers.ru/doc/rusland/knyazheniya/481519/
1102,Галицкая земля,1141,1153,Владимир (Владимирко) Володаревич,https://runivers.ru/doc/rusland/knyazheniya/481520/
1102,Галицкая земля,1153,1187,"Ярослав Владимирович ""Осмомысл""",https://runivers.ru/doc/rusland/knyazheniya/481521/
1102,Галицкая земля,1188,1199,Владимир Ярославич,https://runivers.ru/doc/rusland/knyazheniya/481522/
1102,Галицкая земля,1200,1204,Роман Мстиславич,https://runivers.ru/doc/rusland/knyazheniya/481523/
1102,Галицкая земля,1205,1206,Даниил Романович (1-й раз),https://runivers.ru/doc/rusland/knyazheniya/481524/
1102,Галицкая земля,1207,1208,Владимир Игоревич (1-й раз),https://runivers.ru/doc/rusland/knyazheniya/481525/
1102,Галицкая земля,1209,1210,Роман Игоревич,https://runivers.ru/doc/rusland/knyazheniya/481526/
1102,Галицкая земля,1211,1211,Владимир Игоревич (2-й раз),https://runivers.ru/doc/rusland/knyazheniya/481527/
1102,Галицкая земля,1212,1212,Даниил Романович (2-й раз),https://runivers.ru/doc/rusland/knyazheniya/481528/
1102,Галицкая земля,1213,1213,Мстислав Ярославич Немой,https://runivers.ru/doc/rusland/knyazheniya/481529/
1102,Галицкая земля,1214,1215,Под властью венгров,
1102,Галицкая земля,1215,1215,Мстислав Мстиславич Удатный (1-й раз),https://runivers.ru/doc/rusland/knyazheniya/481531/
1102,Галицкая земля,1216,1217,Под властью венгров,
1102,Галицкая земля,1217,1218,Мстислав Мстиславич Удатный (2-й раз),https://runivers.ru/doc/rusland/knyazheniya/481533/
1102,Галицкая земля,1219,1220,Под властью венгров,
1102,Галицкая земля,1221,1227,Мстислав Мстиславич Удатный (3-й раз),https://runivers.ru/doc/rusland/knyazheniya/481535/
1102,Галицкая земля,1228,1229,Под властью венгров,
1102,Галицкая земля,1230,1231,Даниил Романович (3-й раз),https://runivers.ru/doc/rusland/knyazheniya/481537/
1102,Галицкая земля,1232,1233,Под властью венгров,
1102,Галицкая земля,1234,1234,Даниил Романович (4-й раз),https://runivers.ru/doc/rusland/knyazheniya/481539/
1102,Галицкая земля,1235,1237,Михаил Всеволодович,https://runivers.ru/doc/rusland/knyazheniya/481540/
1102,Галицкая земля,1238,1239,Ростислав Михайлович,https://runivers.ru/doc/rusland/knyazheniya/481541/
1102,Галицкая земля,1246,1255,Константин Ярославич,https://runivers.ru/doc/rusland/knyazheniya/481547/
1102,Галицкая земля,1256,1280,Давыд Константинович,https://runivers.ru/doc/rusland/knyazheniya/481548/
1102,Галицкая земля,1281,1335,Федор Давыдович,https://runivers.ru/doc/rusland/knyazheniya/485072/
1102,Галицкая земля,1336,1359,Правитель не известен,
1102,Галицкая земля,1360,1363,Дмитрий Борисович,https://runivers.ru/doc/rusland/knyazheniya/485073/
1058,Галицко-Волынское княжество,1239,1264,Даниил Романович (5-й раз),https://runivers.ru/doc/rusland/knyazheniya/481542/
1058,Галицко-Волынское княжество,1265,1301,Лев Данилович,https://runivers.ru/doc/rusland/knyazheniya/481543/
1058,Галицко-Волынское княжество,1302,1310,Юрий Львович,https://runivers.ru/doc/rusland/knyazheniya/481544/
1058,Галицко-Волынское княжество,1311,1323,Лев Юрьевич,https://runivers.ru/doc/rusland/knyazheniya/481545/
1058,Галицко-Волынское княжество,1324,1340,Болеслав-Юрий Тройденович,https://runivers.ru/doc/rusland/knyazheniya/481546/
799,Городецкое княжество,1263,1304,Андрей Александрович,https://runivers.ru/doc/rusland/knyazheniya/481552/
799,Городецкое княжество,1304,1310,Михаил Андреевич,https://runivers.ru/doc/rusland/knyazheniya/481553/
793,Дмитровское княжество,1280,1334,Борис Давыдович,https://runivers.ru/doc/rusland/knyazheniya/485071/
893,Киевская земля,1054,1068,Изяслав Ярославич (1-й раз),https://runivers.ru/doc/rusland/knyazheniya/481554/
893,Киевская земля,1069,1069,Всеслав Брячиславич,https://runivers.ru/doc/rusland/knyazheniya/481555/
893,Киевская земля,1070,1073,Изяслав Ярославич (2-й раз),https://runivers.ru/doc/rusland/knyazheniya/481556/
893,Киевская земля,1074,1076,Святослав Ярославич,https://runivers.ru/doc/rusland/knyazheniya/595077/
893,Киевская земля,1077,1077,Всеволод Ярославич (1-й раз),https://runivers.ru/doc/rusland/knyazheniya/481558/
893,Киевская земля,1078,1078,Изяслав Ярославич (3-й раз),https://runivers.ru/doc/rusland/knyazheniya/481559/
893,Киевская земля,1079,1093,Всеволод Ярославич (2-й раз),https://runivers.ru/doc/rusland/knyazheniya/481560/
893,Киевская земля,1094,1113,Святополк Изяславич,https://runivers.ru/doc/rusland/knyazheniya/595078/
893,Киевская земля,1114,1125,Владимир Всеволодич Мономах,https://runivers.ru/doc/rusland/knyazheniya/595079/
893,Киевская земля,1126,1132,Мстислав Владимирович Великий,https://runivers.ru/doc/rusland/knyazheniya/481563/
893,Киевская земля,1133,1138,Ярополк Владимирович,https://runivers.ru/doc/rusland/knyazheniya/481564/
893,Киевская земля, 1139,1139,Вячеслав Владимирович (1-й раз),https://runivers.ru/doc/rusland/knyazheniya/481565/
893,Киевская земля,1140,1145,Всеволод Ольгович,https://runivers.ru/doc/rusland/knyazheniya/481566/
893,Киевская земля,1146,1146,Игорь Ольгович,https://runivers.ru/doc/rusland/knyazheniya/481567/
893,Киевская земля,1147,1148,Изяслав Мстиславич (1-й раз),https://runivers.ru/doc/rusland/knyazheniya/481568/
893,Киевская земля,1149,1150,Юрий Владимирович Долгорукий (1-й раз),https://runivers.ru/doc/rusland/knyazheniya/481569/
893,Киевская земля,1150,1150,Вячеслав Владимирович (2-й раз) ,https://runivers.ru/doc/rusland/knyazheniya/481570/
893,Киевская земля,1150,1150,Изяслав Мстиславич (2-й раз),https://runivers.ru/doc/rusland/knyazheniya/481571/
893,Киевская земля,1150,1150,Юрий Владимирович Долгорукий (2-й раз),https://runivers.ru/doc/rusland/knyazheniya/481572/
893,Киевская земля,1151,1153,"Изяслав Мстиславич (3-й раз), Вячеслав Владимирович (3-й раз), соправитель",https://runivers.ru/doc/rusland/knyazheniya/481573/
893,Киевская земля,1154,1154,Ростислав Мстиславич (1-й раз),https://runivers.ru/doc/rusland/knyazheniya/481575/
893,Киевская земля,1155,1155,Изяслав Давыдович (1-й раз),https://runivers.ru/doc/rusland/knyazheniya/481576/
893,Киевская земля, 1156,1157,Юрий Владимирович Долгорукий (3-й раз),https://runivers.ru/doc/rusland/knyazheniya/481577/
893,Киевская земля,1158,1158,Изяслав Давыдович (2-й раз),https://runivers.ru/doc/rusland/knyazheniya/481578/
893,Киевская земля,1159,1160,Ростислав Мстиславич (2-й раз),https://runivers.ru/doc/rusland/knyazheniya/481579/
893,Киевская земля,1161,1161,Изяслав Давыдович (3-й раз),https://runivers.ru/doc/rusland/knyazheniya/481580/
893,Киевская земля,1162,1167,Ростислав Мстиславич (3-й раз),https://runivers.ru/doc/rusland/knyazheniya/481581/
893,Киевская земля,1168,1169,Мстислав Изяславич (1-й раз),https://runivers.ru/doc/rusland/knyazheniya/481582/
893,Киевская земля,1170,1170,Глеб Юрьевич (1-й раз),https://runivers.ru/doc/rusland/knyazheniya/481583/
893,Киевская земля,1170,1170,Мстислав Изяславич (2-й раз),https://runivers.ru/doc/rusland/knyazheniya/481584/
893,Киевская земля,1171,1171,Глеб Юрьевич (2-й раз),https://runivers.ru/doc/rusland/knyazheniya/481585/
893,Киевская земля,1171,1171,Владимир Мстиславич,https://runivers.ru/doc/rusland/knyazheniya/481586/
893,Киевская земля,1171,1171,Михалко (Михаил) Юрьевич,https://runivers.ru/doc/rusland/knyazheniya/481587/
893,Киевская земля, 1172,1173,"Роман Ростиславич (1-й раз),",https://runivers.ru/doc/rusland/knyazheniya/481588/
893,Киевская земля,1173,1173,Всеволод Юрьевич Большое Гнездо,https://runivers.ru/doc/rusland/knyazheniya/481589/
893,Киевская земля,1173,1173,Рюрик Ростиславич (1-й раз),https://runivers.ru/doc/rusland/knyazheniya/481590/
893,Киевская земля,1173,1173,затем Ярослав Изяславич (1-й раз),https://runivers.ru/doc/rusland/knyazheniya/481591/
893,Киевская земля,1174,1174,Святослав Всеволодович (1-й раз),https://runivers.ru/doc/rusland/knyazheniya/481592/
893,Киевская земля,1174,1174,Ярослав Изяславич (2-й раз),https://runivers.ru/doc/rusland/knyazheniya/481593/
893,Киевская земля,1175,1176,Роман Ростиславич (2-й раз),https://runivers.ru/doc/rusland/knyazheniya/481594/
893,Киевская земля,1177,1180,Святослав Всеволодович (2-й раз),https://runivers.ru/doc/rusland/knyazheniya/481595/
893,Киевская земля,1181,1181,Рюрик Ростиславич (2-й раз),https://runivers.ru/doc/rusland/knyazheniya/481596/
893,Киевская земля,1182,1194,Святослав Всеволодович (3-й раз),https://runivers.ru/doc/rusland/knyazheniya/481597/
893,,1195,1201,Рюрик Ростиславич (3-й раз),https://runivers.ru/doc/rusland/knyazheniya/481598/
893,Киевская земля,1201,1201,Роман Мстиславич (1-й раз),https://runivers.ru/doc/rusland/knyazheniya/481599/
893,Киевская земля,1202,1203,Ингварь Ярославич (1-й раз),https://runivers.ru/doc/rusland/knyazheniya/481600/
893,Киевская земля,1203,1204,Рюрик Ростиславич (4-й раз),https://runivers.ru/doc/rusland/knyazheniya/481601/
893,Киевская земля,1204,1204,Роман Мстиславич (2-й раз),https://runivers.ru/doc/rusland/knyazheniya/481602/
893,Киевская земля,1204,1205,Ростислав Рюрикович ,https://runivers.ru/doc/rusland/knyazheniya/481603/
893,Киевская земля,1205,1206,Рюрик Ростиславич (5-й раз),https://runivers.ru/doc/rusland/knyazheniya/481604/
893,Киевская земля,1206,1206,Всеволод Святославич Чермный (1-й раз),https://runivers.ru/doc/rusland/knyazheniya/481605/
893,Киевская земля,1206,1207,Рюрик Ростиславич (6-й раз),https://runivers.ru/doc/rusland/knyazheniya/481606/
893,Киевская земля,1207,1207,Всеволод Святославич Чермный (2-й раз),https://runivers.ru/doc/rusland/knyazheniya/481607/
893,Киевская земля,1208, 1210,Рюрик Ростиславич (7-й раз),https://runivers.ru/doc/rusland/knyazheniya/481608/
893,Киевская земля,1210, 1212,Всеволод Святославич Чермный (3-й раз),https://runivers.ru/doc/rusland/knyazheniya/481609/
893,Киевская земля,1212,1212,Ингварь Ярославич (2-й раз),https://runivers.ru/doc/rusland/knyazheniya/481610/
893,Киевская земля,1213,1223,Мстислав Романович Старый,https://runivers.ru/doc/rusland/knyazheniya/481611/
893,Киевская земля,1224,1235,Владимир Рюрикович (1-й раз),https://runivers.ru/doc/rusland/knyazheniya/481612/
893,Киевская земля,1236,1236,Изяслав Мстиславич,https://runivers.ru/doc/rusland/knyazheniya/481613/
893,Киевская земля,1236,1236,Владимир Рюрикович (2-й раз),https://runivers.ru/doc/rusland/knyazheniya/481614/
893,Киевская земля,1237,1238,Ярослав Всеволодович (1-й раз),https://runivers.ru/doc/rusland/knyazheniya/481615/
893,Киевская земля,1239,1240,Михаил Всеволодович,https://runivers.ru/doc/rusland/knyazheniya/481616/
893,Киевская земля,1240,1240,Ростислав Мстиславич,https://runivers.ru/doc/rusland/knyazheniya/481617/
893,Киевская земля,1240,1240,Даниил Романович Галицкий,https://runivers.ru/doc/rusland/knyazheniya/481618/
893,Киевская земля,1241,1243,"Без князя, возможно, под непосредственным контролем монголов",
893,Киевская земля,1244,1246,Ярослав Всеволодович (2-й раз),https://runivers.ru/doc/rusland/knyazheniya/481620/
893,Киевская земля,1247,1248,Правитель не известен,
893,Киевская земля,1249,1263,Александр Ярославич Невский,https://runivers.ru/doc/rusland/knyazheniya/481621/
156,Московское княжество,1263,1303,Даниил Александрович,https://runivers.ru/doc/rusland/knyazheniya/481637/
156,Московское княжество,1304,1325,Юрий Данилович,https://runivers.ru/doc/rusland/knyazheniya/481638/
156,Московское княжество,1326,1340,Иван Данилович Калита,https://runivers.ru/doc/rusland/knyazheniya/481639/
156,Московское княжество,1341,1353,Семен (Симеон) Иванович Гордый,https://runivers.ru/doc/rusland/knyazheniya/481640/
156,Московское княжество,1354,1359,Иван Иванович Красный,https://runivers.ru/doc/rusland/knyazheniya/481641/
156,Московское княжество,1360,1389,Дмитрий Иванович Донской,https://runivers.ru/doc/rusland/knyazheniya/481642/
156,Московское княжество,1390,1425,Василий I Дмитриевич,https://runivers.ru/doc/rusland/knyazheniya/595086/
156,Московское княжество,1426,1433,Василий II Васильевич Тёмный,https://runivers.ru/doc/rusland/knyazheniya/595089/
156,Московское княжество,1433,1433,Юрий Дмитриевич,https://runivers.ru/doc/rusland/knyazheniya/595090/
156,Московское княжество,1433,1434,Василий II Васильевич Тёмный,https://runivers.ru/doc/rusland/knyazheniya/595091/
156,Московское княжество,1434,1434,Юрий Дмитриевич,https://runivers.ru/doc/rusland/knyazheniya/595092/
156,Московское княжество,1434,1434,Василий Юрьевич Косой,https://runivers.ru/doc/rusland/knyazheniya/595093/
156,Московское княжество,1435,1445,Василий II Васильевич Тёмный,https://runivers.ru/doc/rusland/knyazheniya/595094/
156,Московское княжество,1445,1445,Дмитрий Юрьевич Шемяка,https://runivers.ru/doc/rusland/knyazheniya/595095/
156,Московское княжество,,,Василий II Васильевич Тёмный,https://runivers.ru/doc/rusland/knyazheniya/595096/
156,Московское княжество,1446,1447,Дмитрий Юрьевич Шемяка,https://runivers.ru/doc/rusland/knyazheniya/595097/
156,Московское княжество,1448,1462,Василий II Васильевич Тёмный,https://runivers.ru/doc/rusland/knyazheniya/595098/
156,Московское княжество,1463,1505,Иван III Васильевич,https://runivers.ru/doc/rusland/knyazheniya/595088/
156,Московское княжество,1506,1533,Василий III Иванович,https://runivers.ru/doc/rusland/knyazheniya/595087/
156,Московское княжество,1534,1584,Иван IV Васильевич,https://runivers.ru/doc/rusland/knyazheniya/595099/
811,Костромское княжество,1246,1277,Василий Ярославич,https://runivers.ru/doc/rusland/knyazheniya/481622/
816,Нижегородско-Суздальское княжество,1341,1355,Константин Васильевич,https://runivers.ru/doc/rusland/knyazheniya/481657/
816,Нижегородско-Суздальское княжество,1356, 1365,Андрей Константинович,https://runivers.ru/doc/rusland/knyazheniya/481658/
816,Нижегородско-Суздальское княжество,1366,1383,Дмитрий Константинович,https://runivers.ru/doc/rusland/knyazheniya/481659/
816,Нижегородско-Суздальское княжество,1384,1392,Борис Константинович,https://runivers.ru/doc/rusland/knyazheniya/481660/
816,Нижегородско-Суздальское княжество,1393,1407,Правитель не известен,
816,Нижегородско-Суздальское княжество,1408,1415,Даниил Борисович (1-й раз),https://runivers.ru/doc/rusland/knyazheniya/481661/
816,Нижегородско-Суздальское княжество,1416,1424,Правитель не известен,
816,Нижегородско-Суздальское княжество,1425,1428,Даниил Борисович (2-й раз) (Даты начала и конца правлений даны приблизительно).,https://runivers.ru/doc/rusland/knyazheniya/481662/
816,Нижегородско-Суздальское княжество,1429,1444,Правитель не известен,
816,Нижегородско-Суздальское княжество,1445,1446,Василий Юрьевич,https://runivers.ru/doc/rusland/knyazheniya/481663/
648,Нижегородско-Суздальское княжество,1341,1355,Константин Васильевич,https://runivers.ru/doc/rusland/knyazheniya/481657/
648,Нижегородско-Суздальское княжество,1356, 1365,Андрей Константинович,https://runivers.ru/doc/rusland/knyazheniya/481658/
648,Нижегородско-Суздальское княжество,1366,1383,Дмитрий Константинович,https://runivers.ru/doc/rusland/knyazheniya/481659/
648,Нижегородско-Суздальское княжество,1384,1392,Борис Константинович,https://runivers.ru/doc/rusland/knyazheniya/481660/
648,Нижегородско-Суздальское княжество,1393,1407,Правитель не известен,
648,Нижегородско-Суздальское княжество,1408,1415,Даниил Борисович (1-й раз),https://runivers.ru/doc/rusland/knyazheniya/481661/
648,Нижегородско-Суздальское княжество,1416,1424,Правитель не известен,
648,Нижегородско-Суздальское княжество,1425,1428,Даниил Борисович (2-й раз) (Даты начала и конца правлений даны приблизительно).,https://runivers.ru/doc/rusland/knyazheniya/481662/
648,Нижегородско-Суздальское княжество,1429,1444,Правитель не известен,
648,Нижегородско-Суздальское княжество,1445,1446,Василий Юрьевич,https://runivers.ru/doc/rusland/knyazheniya/481663/
801,Муромское княжество,1096 ,1123,Ярослав Святославич (1-й раз). (Даты начала и конца правлений даны приблизительно).,https://runivers.ru/doc/rusland/knyazheniya/481643/
801,Муромское княжество,1123,1126,Всеволод Давыдович. (Даты начала и конца правлений даны приблизительно).,https://runivers.ru/doc/rusland/knyazheniya/481644/
801,Муромское княжество,1127,1129,Ярослав Святославич (2-й раз),https://runivers.ru/doc/rusland/knyazheniya/481645/
801,Муромское княжество,1130,1142,Юрий Ярославич,https://runivers.ru/doc/rusland/knyazheniya/481646/
801,Муромское княжество,1143,1145,Святослав Ярославич,https://runivers.ru/doc/rusland/knyazheniya/481647/
801,Муромское княжество,1146,1164,Ростислав Ярославич,https://runivers.ru/doc/rusland/knyazheniya/481648/
801,Муромское княжество,1165,1176,Юрий Владимирович,https://runivers.ru/doc/rusland/knyazheniya/481649/
801,Муромское княжество,1177,1205,Владимир Юрьевич,https://runivers.ru/doc/rusland/knyazheniya/481650/
801,Муромское княжество,1206,1228,Давыд Юрьевич,https://runivers.ru/doc/rusland/knyazheniya/481651/
801,Муромское княжество,1229,1237,Юрий Давыдович,https://runivers.ru/doc/rusland/knyazheniya/481652/
801,Муромское княжество,1238,1340,Ярослав Юрьевич. (Дата конца правления дана приблизительно).,https://runivers.ru/doc/rusland/knyazheniya/481653/
801,Муромское княжество,1341,1345,Василий Давыдович (Ярославич?). (Дата начала правления дана приблизительно).,https://runivers.ru/doc/rusland/knyazheniya/481654/
801,Муромское княжество,1346,1355,Юрий Ярославич,https://runivers.ru/doc/rusland/knyazheniya/481655/
801,Муромское княжество,1356,1360,Фёдор Глебович. (Дата конца правления дана приблизительно).,https://runivers.ru/doc/rusland/knyazheniya/481656/
634,Новгородская земля,1136,1136,Владимир Всеволодович,https://runivers.ru/doc/rusland/knyazheniya/481665/
634,Новгородская земля,1137,1138,Святослав Ольгович (1-й раз),https://runivers.ru/doc/rusland/knyazheniya/481666/
634,Новгородская земля,1139,1139,Ростислав Юрьевич (1-й раз),https://runivers.ru/doc/rusland/knyazheniya/481667/
634,Новгородская земля,1140,1141,Святослав Ольгович (2-й раз),https://runivers.ru/doc/rusland/knyazheniya/481668/
634,Новгородская земля,1142,1142,Ростислав Юрьевич (2-й раз),https://runivers.ru/doc/rusland/knyazheniya/481669/
634,Новгородская земля, 1143,1148,Святополк Мстиславич,https://runivers.ru/doc/rusland/knyazheniya/481670/
634,Новгородская земля,1149,1153,Ярослав Изяславич,https://runivers.ru/doc/rusland/knyazheniya/481671/
634,Новгородская земля,1154,1154,Ростислав Мстиславич (1-й раз),https://runivers.ru/doc/rusland/knyazheniya/481672/
634,Новгородская земля,1154,1155,Давыд Ростиславич,https://runivers.ru/doc/rusland/knyazheniya/481673/
634,Новгородская земля, 1156,1157,Мстислав Юрьевич,https://runivers.ru/doc/rusland/knyazheniya/481674/
634,Новгородская земля,1158,1158,Ростислав Мстиславич (2-й раз),https://runivers.ru/doc/rusland/knyazheniya/481675/
634,Новгородская земля,1159,1160,Святослав Ростиславич (1-й раз),https://runivers.ru/doc/rusland/knyazheniya/481676/
634,Новгородская земля,1161,1161,Мстислав Ростиславич Безокий (1-й раз),https://runivers.ru/doc/rusland/knyazheniya/481677/
634,Новгородская земля,1162,1167,Святослав Ростиславич (2-й раз),https://runivers.ru/doc/rusland/knyazheniya/481678/
634,Новгородская земля,1168,1170,Роман Мстиславич,https://runivers.ru/doc/rusland/knyazheniya/481679/
634,Новгородская земля, 1171,1172,Рюрик Ростиславич,https://runivers.ru/doc/rusland/knyazheniya/481680/
634,Новгородская земля,1173,1175,Юрий Андреевич,https://runivers.ru/doc/rusland/knyazheniya/481681/
634,Новгородская земля,1175,1175,Святослав Мстиславич,https://runivers.ru/doc/rusland/knyazheniya/481682/
634,Новгородская земля,1175,1176,Мстислав Ростиславич Безокий (2-й раз),https://runivers.ru/doc/rusland/knyazheniya/481683/
634,Новгородская земля,1176,1178,Ярослав Мстиславич Красный,https://runivers.ru/doc/rusland/knyazheniya/481684/
634,Новгородская земля,1178,1178,Ярополк Ростиславич,https://runivers.ru/doc/rusland/knyazheniya/481686/
634,Новгородская земля,1178,1178,Мстислав Ростиславич Безокий (3-й раз),https://runivers.ru/doc/rusland/knyazheniya/481685/
634,Новгородская земля,1179,1179,Роман Ростиславич,https://runivers.ru/doc/rusland/knyazheniya/481687/
634,Новгородская земля,1179,1180,Мстислав Ростиславич Храбрый,https://runivers.ru/doc/rusland/knyazheniya/481688/
634,Новгородская земля,1180,1181,Владимир Святославич,https://runivers.ru/doc/rusland/knyazheniya/481689/
634,Новгородская земля,1182,1182,Святослав Всеволодович,https://runivers.ru/doc/rusland/knyazheniya/481690/
634,Новгородская земля,1183,1184,Ярослав Владимирович (1-й раз),https://runivers.ru/doc/rusland/knyazheniya/481691/
634,Новгородская земля,1185,1187,Мстислав Давыдович,https://runivers.ru/doc/rusland/knyazheniya/481692/
634,Новгородская земля,1188,1196,Ярослав Владимирович (2-й раз),https://runivers.ru/doc/rusland/knyazheniya/481693/
634,Новгородская земля,1197,1197,Ярополк Ярославич,https://runivers.ru/doc/rusland/knyazheniya/481694/
634,Новгородская земля,1198,1199,Ярослав Владимирович (3-й раз),https://runivers.ru/doc/rusland/knyazheniya/481695/
634,Новгородская земля,1200,1205,Святослав Всеволодович (1-й раз),https://runivers.ru/doc/rusland/knyazheniya/481696/
634,Новгородская земля,1206,1208,Константин Всеволодович,https://runivers.ru/doc/rusland/knyazheniya/481697/
634,Новгородская земля,1209,1210,Святослав Всеволодович (2-й раз),https://runivers.ru/doc/rusland/knyazheniya/481696/
634,Новгородская земля,1211,1215,Мстислав Мстиславич Удатный (1-й раз),https://runivers.ru/doc/rusland/knyazheniya/481699/
634,Новгородская земля,1216,1216,Ярослав Всеволодович (1-й раз),https://runivers.ru/doc/rusland/knyazheniya/481700/
634,Новгородская земля,1217,1218,Мстислав Мстиславич Удатный (2-й раз),https://runivers.ru/doc/rusland/knyazheniya/481701/
634,Новгородская земля,1219,1219,Святослав Мстиславич,https://runivers.ru/doc/rusland/knyazheniya/481702/
634,Новгородская земля,1220,1221,Всеволод Мстиславич,https://runivers.ru/doc/rusland/knyazheniya/481703/
634,Новгородская земля,1222,1223,Всеволод Юрьевич (1-й раз),https://runivers.ru/doc/rusland/knyazheniya/481704/
634,Новгородская земля,1224,1224,Ярослав Всеволодович (2-й раз),https://runivers.ru/doc/rusland/knyazheniya/481705/
634,Новгородская земля,1225,1225,Всеволод Юрьевич (2-й раз),https://runivers.ru/doc/rusland/knyazheniya/481706/
634,Новгородская земля,1225,1225,Михаил Всеволодович (1-й раз),https://runivers.ru/doc/rusland/knyazheniya/481707/
634,Новгородская земля,1226,1229,Ярослав Всеволодович (3-й раз),https://runivers.ru/doc/rusland/knyazheniya/481708/
634,Новгородская земля,1229,1229,Михаил Всеволодович (2-й раз),https://runivers.ru/doc/rusland/knyazheniya/481709/
634,Новгородская земля, 1230,1230,Ростислав Михайлович,https://runivers.ru/doc/rusland/knyazheniya/481710/
634,Новгородская земля,1231,1236,Ярослав Всеволодович (4-й раз),https://runivers.ru/doc/rusland/knyazheniya/481711/
634,Новгородская земля,1237,1240,Александр Ярославич Невский (1-й раз),https://runivers.ru/doc/rusland/knyazheniya/481712/
634,Новгородская земля,1241,1241,Андрей Ярославич,https://runivers.ru/doc/rusland/knyazheniya/481713/
634,Новгородская земля,1242,1263,Александр Ярославич Невский (2-й раз),https://runivers.ru/doc/rusland/knyazheniya/481714/
634,Новгородская земля,1264,1264,Дмитрий Александрович (1-й раз),https://runivers.ru/doc/rusland/knyazheniya/481715/
634,Новгородская земля,1265,1271,Ярослав Ярославич,https://runivers.ru/doc/rusland/knyazheniya/481716/
634,Новгородская земля,1272,1272,Дмитрий Александрович (2-й раз),https://runivers.ru/doc/rusland/knyazheniya/481717/
634,Новгородская земля,1273,1276,Василий Ярославич,https://runivers.ru/doc/rusland/knyazheniya/481718/
634,Новгородская земля,1277,1281,Дмитрий Александрович (3-й раз),https://runivers.ru/doc/rusland/knyazheniya/481719/
634,Новгородская земля,1282,1282,Андрей Александрович (1-й раз),https://runivers.ru/doc/rusland/knyazheniya/481720/
634,Новгородская земля,1282,1282,Дмитрий Александрович (4-й раз),https://runivers.ru/doc/rusland/knyazheniya/481721/
634,Новгородская земля,1283,1283,Андрей Александрович (2-й раз),https://runivers.ru/doc/rusland/knyazheniya/481722/
634,Новгородская земля,1284,1294,Дмитрий Александрович (5-й раз),https://runivers.ru/doc/rusland/knyazheniya/481723/
634,Новгородская земля,1295,1296,Андрей Александрович (3-й раз),https://runivers.ru/doc/rusland/knyazheniya/481724/
634,Новгородская земля,1297,1297,Даниил Александрович,https://runivers.ru/doc/rusland/knyazheniya/481725/
634,Новгородская земля,1298,1304,Андрей Александрович (4-й раз),https://runivers.ru/doc/rusland/knyazheniya/481726/
634,Новгородская земля,1305,1314,Михаил Ярославич (1-й раз),https://runivers.ru/doc/rusland/knyazheniya/481727/
634,Новгородская земля,1315,1315,Юрий Данилович (1-й раз),https://runivers.ru/doc/rusland/knyazheniya/481728/
634,Новгородская земля,1316,1317,Михаил Ярославич (2-й раз),https://runivers.ru/doc/rusland/knyazheniya/481729/
634,Новгородская земля,1318,1324,Юрий Данилович (2-й раз),https://runivers.ru/doc/rusland/knyazheniya/481730/
634,Новгородская земля,1325,1326,Дмитрий Михайлович Грозные Очи,https://runivers.ru/doc/rusland/knyazheniya/481731/
634,Новгородская земля,1327,1327,Александр Михайлович,https://runivers.ru/doc/rusland/knyazheniya/481732/
634,Новгородская земля,1328,1340,Иван Данилович Калита,https://runivers.ru/doc/rusland/knyazheniya/481733/
634,Новгородская земля,1341,1353,Семен Иванович Гордый,https://runivers.ru/doc/rusland/knyazheniya/481734/
634,Новгородская земля,1354,1359,Иван Иванович Красный,https://runivers.ru/doc/rusland/knyazheniya/481735/
634,Новгородская земля,1360,1362,Дмитрий Константинович,https://runivers.ru/doc/rusland/knyazheniya/481736/
634,Новгородская земля,1363, 1389,Дмитрий Иванович Донской,https://runivers.ru/doc/rusland/knyazheniya/481737/
634,Новгородская земля,1390,1425,Василий Дмитриевич,https://runivers.ru/doc/rusland/knyazheniya/481738/
634,Новгородская земля,1426,1432,Василий Васильевич Темный (1-й раз),https://runivers.ru/doc/rusland/knyazheniya/481739/
634,Новгородская земля,1433,1433,Юрий Дмитриевич (1-й раз),https://runivers.ru/doc/rusland/knyazheniya/481740/
634,Новгородская земля,1434,1434,Василий Васильевич Темный (2-й раз),https://runivers.ru/doc/rusland/knyazheniya/481741/
634,Новгородская земля,1434,1434,Юрий Дмитриевич (2-й раз),https://runivers.ru/doc/rusland/knyazheniya/481742/
634,Новгородская земля,1435,1445,Василий Васильевич Темный (3-й раз),https://runivers.ru/doc/rusland/knyazheniya/481743/
634,Новгородская земля,1446,1446,Дмитрий Юрьевич Шемяка,https://runivers.ru/doc/rusland/knyazheniya/481744/
634,Новгородская земля,1447,1462,Василий Васильевич Темный (4-й раз),https://runivers.ru/doc/rusland/knyazheniya/481745/
634,Новгородская земля,1463,1478,Иван Васильевич,https://runivers.ru/doc/rusland/knyazheniya/481746/
1075,Переяславская земля,1132,1132,Всеволод Мстиславич,https://runivers.ru/doc/rusland/knyazheniya/481747/
1075,Переяславская земля,1132,1132,Изяслав Мстиславич (1-й раз),https://runivers.ru/doc/rusland/knyazheniya/481748/
1075,Переяславская земля,1133,1134,Вячеслав Владимирович,https://runivers.ru/doc/rusland/knyazheniya/481749/
1075,Переяславская земля,1135,1135,Юрий Владимирович Долгорукий,https://runivers.ru/doc/rusland/knyazheniya/481750/
1075,Переяславская земля,1136,1142,Андрей Владимирович Добрый,https://runivers.ru/doc/rusland/knyazheniya/481751/
1075,Переяславская земля,1143,1146,Изяслав Мстиславич (2-й раз),https://runivers.ru/doc/rusland/knyazheniya/481752/
1075,Переяславская земля,1147,1149,Мстислав Изяславич (1-й раз),https://runivers.ru/doc/rusland/knyazheniya/481753/
1075,Переяславская земля,1150,1151,Ростислав Юрьевич,https://runivers.ru/doc/rusland/knyazheniya/481754/
1075,Переяславская земля,1152,1155,Мстислав Изяславич (2-й раз),https://runivers.ru/doc/rusland/knyazheniya/481755/
1075,Переяславская земля,1156,1169,Глеб Юрьевич,https://runivers.ru/doc/rusland/knyazheniya/481756/
1075,Переяславская земля,1170,1187,Владимир Глебович,https://runivers.ru/doc/rusland/knyazheniya/481757/
1075,Переяславская земля,1188,1199,Ярослав Мстиславич Красный,https://runivers.ru/doc/rusland/knyazheniya/481758/
1075,Переяславская земля,1200,1200,Правитель не известен,
1075,Переяславская земля,1201,1206,Ярослав Всеволодович,https://runivers.ru/doc/rusland/knyazheniya/481759/
1075,Переяславская земля,1206,1206,Михаил Всеволодович,https://runivers.ru/doc/rusland/knyazheniya/481760/
1075,Переяславская земля,1207,1212,Владимир Рюрикович. (Дата окончания правления дана приблизительно),https://runivers.ru/doc/rusland/knyazheniya/481761/
1075,Переяславская земля,1213,1215,Владимир Всеволодович,https://runivers.ru/doc/rusland/knyazheniya/481762/
1075,Переяславская земля,1216,1226,Правитель не известен,
1075,Переяславская земля,1227,1228,Всеволод Константинович,https://runivers.ru/doc/rusland/knyazheniya/481763/
1075,Переяславская земля,1229,1230,Святослав Всеволодович,https://runivers.ru/doc/rusland/knyazheniya/481764/
1065,Полоцкое княжество,1132,1144,Василько Святославич,https://runivers.ru/doc/rusland/knyazheniya/481775/
1065,Полоцкое княжество,1143,1151,Рогволод Борисович (Рогволодович) (1-й раз). (Дата начла правления дана приблизительно),https://runivers.ru/doc/rusland/knyazheniya/481776/
1065,Полоцкое княжество,1152,1158,Ростислав Глебович,https://runivers.ru/doc/rusland/knyazheniya/481777/
1065,Полоцкое княжество,1159,1162,Рогволод Борисович (Рогволодович) (2-й раз),https://runivers.ru/doc/rusland/knyazheniya/481778/
1065,Полоцкое княжество,1163,1166,Всеслав Василькович (1-й раз),https://runivers.ru/doc/rusland/knyazheniya/481779/
1065,Полоцкое княжество,1167,1167,Володарь Глебович,https://runivers.ru/doc/rusland/knyazheniya/481780/
1065,Полоцкое княжество,1167,1175,Всеслав Василькович (2-й раз),https://runivers.ru/doc/rusland/knyazheniya/481781/
1065,Полоцкое княжество,1176,1177,Правитель не известен,
1065,Полоцкое княжество,1178,1181,Всеслав Василькович (3-й раз),https://runivers.ru/doc/rusland/knyazheniya/481782/
1065,Полоцкое княжество,1181,1185,Правитель не известен,
1065,Полоцкое княжество,1186,1215,Владимир Всеславич. (Даты начала и окончания правлений даны приблизительно),https://runivers.ru/doc/rusland/knyazheniya/481783/
1065,Полоцкое княжество,1216,1222,Правитель не известен,
1065,Полоцкое княжество,1223,1232,Святослав Мстиславич,https://runivers.ru/doc/rusland/knyazheniya/481784/
1065,Полоцкое княжество,1233,1245,Брячислав Василькович. (Даты начала и окончания правлений даны приблизительно),https://runivers.ru/doc/rusland/knyazheniya/481785/
1065,Полоцкое княжество,1246,1262,Товтивил. (Дата начала правления дана приблизительно),https://runivers.ru/doc/rusland/knyazheniya/481786/
1065,Полоцкое княжество,1263,1264,Гердень,https://runivers.ru/doc/rusland/knyazheniya/481787/
1065,Полоцкое княжество,1265,1270,Изяслав Владимирович. (Дата окончания правления дана приблизительно),https://runivers.ru/doc/rusland/knyazheniya/481788/
1065,Полоцкое княжество,1271,1285,Константин Безрукий. (Даты начала и окончания правлений даны приблизительно),https://runivers.ru/doc/rusland/knyazheniya/481789/
630,Псков,1266,1298,Довмонт,https://runivers.ru/doc/rusland/knyazheniya/481790/
630,Псков,1299,1302,Федор Михайлович,https://runivers.ru/doc/rusland/knyazheniya/481791/
630,Псков,1303,1309,Правитель не известен,
630,Псков,1310,1311,Иван Федорович,https://runivers.ru/doc/rusland/knyazheniya/481792/
630,Псков,1313,1321,Борис (Данилович?). (Дата окончания правления дана приблизительно),https://runivers.ru/doc/rusland/knyazheniya/481793/
630,Псков,1322,1322,Юрий Данилович,https://runivers.ru/doc/rusland/knyazheniya/481794/
630,Псков,1323,1326,Давид,https://runivers.ru/doc/rusland/knyazheniya/481795/
630,Псков,1327,1327,Правитель не известен,
630,Псков,1328,1329,Александр Михайлович Тверской (1-й раз),https://runivers.ru/doc/rusland/knyazheniya/481796/
630,Псков,1330,1337,Александр Михайлович Тверской (2-й раз),https://runivers.ru/doc/rusland/knyazheniya/481797/
630,Псков,1338,1341,Александр-Всеволод Глебович. (Дата начала правления дана приблизительно),https://runivers.ru/doc/rusland/knyazheniya/481798/
630,Псков,1342,1349,Андрей Ольгердович (1-й раз),https://runivers.ru/doc/rusland/knyazheniya/481799/
630,Псков,1350,1364,Правитель не известен,
630,Псков,1365,1389,Дмитрий Иванович Донской. (Дата начала правления дана приблизительно),https://runivers.ru/doc/rusland/knyazheniya/481800/
630,Псков,1390,1393,Иван Андреевич. (Даты начала и окончания правлений даны приблизительно),https://runivers.ru/doc/rusland/knyazheniya/481802/
630,Псков,1394,1394,Андрей Ольгердович (2-й раз),https://runivers.ru/doc/rusland/knyazheniya/481801/
630,Псков,1395,1398,Правитель не известен,
630,Псков,1399,1399,Иван Всеволодич,https://runivers.ru/doc/rusland/knyazheniya/481803/
630,Псков,1400,1425,Василий Дмитриевич,https://runivers.ru/doc/rusland/knyazheniya/481804/
630,Псков,1426,1432,Василий Васильевич Темный (1-й раз),https://runivers.ru/doc/rusland/knyazheniya/481805/
630,Псков,1433,1433,Юрий Дмитриевич (1-й раз),https://runivers.ru/doc/rusland/knyazheniya/481806/
630,Псков,1434,1434,Василий Васильевич Темный (2-й раз),https://runivers.ru/doc/rusland/knyazheniya/481807/
630,Псков,1434,1434,Юрий Дмитриевич (2-й раз),https://runivers.ru/doc/rusland/knyazheniya/481808/
630,Псков,1435,1445,Василий Васильевич Темный (3-й раз),https://runivers.ru/doc/rusland/knyazheniya/481809/
630,Псков,1446,1446,Дмитрий Юрьевич Шемяка,https://runivers.ru/doc/rusland/knyazheniya/481810/
630,Псков,1447,1462,Василий Васильевич Темный (4-й раз),https://runivers.ru/doc/rusland/knyazheniya/481811/
630,Псков,1463,1505,Иван Васильевич,https://runivers.ru/doc/rusland/knyazheniya/481812/
630,Псков,1504,1510,Василий Иванович,https://runivers.ru/doc/rusland/knyazheniya/481813/
796,Ростовское княжество,1218,1238,Василько Константинович,https://runivers.ru/doc/rusland/knyazheniya/481814/
796,Ростовское княжество,1239,1277,Борис Василькович,https://runivers.ru/doc/rusland/knyazheniya/481815/
796,Ростовское княжество,1278,1278,Глеб Василькович,https://runivers.ru/doc/rusland/knyazheniya/481816/
796,Ростовское княжество,1279,1286,Дмитрий Борисович (1-й раз),https://runivers.ru/doc/rusland/knyazheniya/481817/
796,Ростовское княжество,1287,1288,Константин Борисович (1-й раз),https://runivers.ru/doc/rusland/knyazheniya/481818/
796,Ростовское княжество,1289,1290,Дмитрий Борисович (2-й раз),https://runivers.ru/doc/rusland/knyazheniya/481819/
796,Ростовское княжество,1291,1294,Дмитрий и Константин Борисовичи,https://runivers.ru/doc/rusland/knyazheniya/481820/
796,Ростовское княжество,1295,1305,Константин Борисович (2-й раз),https://runivers.ru/doc/rusland/knyazheniya/481821/
796,Ростовское княжество,1306,1320,Василий Константинович. (Даты начала и окончания правлений даны приблизительно),https://runivers.ru/doc/rusland/knyazheniya/481822/
796,Ростовское княжество,1321,1331,Федор Васильевич. (Дата начала правления дана приблизительно),https://runivers.ru/doc/rusland/knyazheniya/481823/
796,Ростовское княжество,1332,1363,Константин Васильевич. (Дата начала правления дана приблизительно),https://runivers.ru/doc/rusland/knyazheniya/481824/
815,Ростовское княжество,1218,1238,Василько Константинович,https://runivers.ru/doc/rusland/knyazheniya/481814/
815,Ростовское княжество,1239,1277,Борис Василькович,https://runivers.ru/doc/rusland/knyazheniya/481815/
815,Ростовское княжество,1278,1278,Глеб Василькович,https://runivers.ru/doc/rusland/knyazheniya/481816/
815,Ростовское княжество,1279,1286,Дмитрий Борисович (1-й раз),https://runivers.ru/doc/rusland/knyazheniya/481817/
815,Ростовское княжество,1287,1288,Константин Борисович (1-й раз),https://runivers.ru/doc/rusland/knyazheniya/481818/
815,Ростовское княжество,1289,1290,Дмитрий Борисович (2-й раз),https://runivers.ru/doc/rusland/knyazheniya/481819/
815,Ростовское княжество,1291,1294,Дмитрий и Константин Борисовичи,https://runivers.ru/doc/rusland/knyazheniya/481820/
815,Ростовское княжество,1295,1305,Константин Борисович (2-й раз),https://runivers.ru/doc/rusland/knyazheniya/481821/
815,Ростовское княжество,1306,1320,Василий Константинович. (Даты начала и окончания правлений даны приблизительно),https://runivers.ru/doc/rusland/knyazheniya/481822/
815,Ростовское княжество,1321,1331,Федор Васильевич. (Дата начала правления дана приблизительно),https://runivers.ru/doc/rusland/knyazheniya/481823/
815,Ростовское княжество,1332,1363,Константин Васильевич. (Дата начала правления дана приблизительно),https://runivers.ru/doc/rusland/knyazheniya/481824/
645,Рязанская земля,1145,1177,Глеб Ростиславич. (Дата начала правления дана приблизительно),https://runivers.ru/doc/rusland/knyazheniya/481825/
645,Рязанская земля,1178,1207,Роман Глебович,https://runivers.ru/doc/rusland/knyazheniya/481826/
645,Рязанская земля,1208,1217,Глеб Владимирович. (Дата начала правления дана приблизительно),https://runivers.ru/doc/rusland/knyazheniya/481827/
645,Рязанская земля,1218,1234,Ингварь Игоревич. (Дата окончания правления дана приблизительно),https://runivers.ru/doc/rusland/knyazheniya/481828/
645,Рязанская земля,1235,1237,Юрий Ингваревич. (Дата начала правления дана приблизительно),https://runivers.ru/doc/rusland/knyazheniya/481829/
645,Рязанская земля,1238,1251,Правитель не известен,
645,Рязанская земля,1252,1258,Олег Ингваревич,https://runivers.ru/doc/rusland/knyazheniya/481830/
645,Рязанская земля,1259,1270,Роман Ольгович,https://runivers.ru/doc/rusland/knyazheniya/481831/
645,Рязанская земля,1271,1293,Федор Романович,https://runivers.ru/doc/rusland/knyazheniya/481832/
645,Рязанская земля,1294,1298,Ярослав Романович,https://runivers.ru/doc/rusland/knyazheniya/481833/
645,Рязанская земля,1299,1300,Константин Романович,https://runivers.ru/doc/rusland/knyazheniya/481834/
645,Рязанская земля,1301,1318,Михаил Ярославич. (Дата окончания правления дана приблизительно),https://runivers.ru/doc/rusland/knyazheniya/481835/
645,Рязанская земля,1319,1327,Иван Ярославич. (Дата начала правления дана приблизительно),https://runivers.ru/doc/rusland/knyazheniya/481836/
645,Рязанская земля,1328,1342,Иван Иванович,https://runivers.ru/doc/rusland/knyazheniya/481837/
645,Рязанская земля,1343,1344,Ярослав Александрович,https://runivers.ru/doc/rusland/knyazheniya/481838/
645,Рязанская земля,1345,1350,Иван Александрович. (Даты начала и окончания правлений даны приблизительно),https://runivers.ru/doc/rusland/knyazheniya/481839/
645,Рязанская земля,1351,1371,Олег Иванович (1-й раз),https://runivers.ru/doc/rusland/knyazheniya/481840/
645,Рязанская земля,1372,1372,Владимир Дмитриевич,https://runivers.ru/doc/rusland/knyazheniya/481841/
645,Рязанская земля,1373,1402,Олег Иванович (2-й раз),https://runivers.ru/doc/rusland/knyazheniya/481842/
645,Рязанская земля,1403,1408,Федор Ольгович (1-й раз),https://runivers.ru/doc/rusland/knyazheniya/481843/
645,Рязанская земля,1409,1409,Иван Владимирович,https://runivers.ru/doc/rusland/knyazheniya/481844/
645,Рязанская земля,1410,1415,Федор Ольгович (2-й раз). (Дата окончания правления дана приблизительно),https://runivers.ru/doc/rusland/knyazheniya/481845/
645,Рязанская земля,1416,1456,Иван Федорович. (Дата начала правления дана приблизительно),https://runivers.ru/doc/rusland/knyazheniya/481846/
645,Рязанская земля,1457,1483,Василий Иванович,https://runivers.ru/doc/rusland/knyazheniya/481847/
645,Рязанская земля,1484,1500,Иван Васильевич,https://runivers.ru/doc/rusland/knyazheniya/481848/
645,Рязанская земля,1501,1521,Иван Иванович,https://runivers.ru/doc/rusland/knyazheniya/481849/
809,Смоленская земля,1125,1159,Ростислав Мстиславич,https://runivers.ru/doc/rusland/knyazheniya/481850/
809,Смоленская земля,1160,1180,Роман Ростиславич,https://runivers.ru/doc/rusland/knyazheniya/481851/
809,Смоленская земля,1181,1197,Давыд Ростиславич,https://runivers.ru/doc/rusland/knyazheniya/481852/
809,Смоленская земля,1198,1212,Мстислав Романович (Старый),https://runivers.ru/doc/rusland/knyazheniya/481853/
809,Смоленская земля,1213,1223,Владимир Рюрикович,https://runivers.ru/doc/rusland/knyazheniya/481854/
809,Смоленская земля,1224,1230,Мстислав Давыдович,https://runivers.ru/doc/rusland/knyazheniya/481855/
809,Смоленская земля,1231,1231,Правитель не известен,
809,Смоленская земля,1232,1238,Святослав Мстиславич,https://runivers.ru/doc/rusland/knyazheniya/481856/
809,Смоленская земля,1239,1245,Всеволод Мстиславич. (Дата окончания правления дана приблизительно),https://runivers.ru/doc/rusland/knyazheniya/481857/
809,Смоленская земля,1245,1267,Ростислав Мстиславич. (Даты начала и окончания правлений даны приблизительно),https://runivers.ru/doc/rusland/knyazheniya/481858/
809,Смоленская земля,1268,1277,Глеб Ростиславич. (Дата начала правления дана приблизительно),https://runivers.ru/doc/rusland/knyazheniya/481859/
809,Смоленская земля,1278,1279,Михаил Ростиславич,https://runivers.ru/doc/rusland/knyazheniya/481860/
809,Смоленская земля,1280,1297,Фёдор Ростиславич,https://runivers.ru/doc/rusland/knyazheniya/481861/
809,Смоленская земля,1298,1313,Александр Глебович,https://runivers.ru/doc/rusland/knyazheniya/481862/
809,Смоленская земля,1314,1359,Иван Александрович,https://runivers.ru/doc/rusland/knyazheniya/481863/
809,Смоленская земля,1360,1386,Святослав Иванович,https://runivers.ru/doc/rusland/knyazheniya/481864/
809,Смоленская земля,1387,1392,Юрий Святославич (1-й раз),https://runivers.ru/doc/rusland/knyazheniya/481865/
809,Смоленская земля,1393,1395,Глеб Святославич,https://runivers.ru/doc/rusland/knyazheniya/481866/
809,Смоленская земля,1396,1400,Смоленск под литовской властью,
809,Смоленская земля,1401,1404,Юрий Святославич (2-й раз),https://runivers.ru/doc/rusland/knyazheniya/481868/
468,Стародубское княжество,1238,1250,Иван Всеволодович. (Дата окончания правления дана приблизительно),https://runivers.ru/doc/rusland/knyazheniya/481869/
468,Стародубское княжество,1251,1261,Михаил Иванович. (Даты начала и окончания правлений даны приблизительно),https://runivers.ru/doc/rusland/knyazheniya/481870/
468,Стародубское княжество,1262, 1315,Иван Михайлович. (Дата начала правления дана приблизительно),https://runivers.ru/doc/rusland/knyazheniya/481871/
468,Стародубское княжество,1316,1330,Федор Иванович. (Дата начала правления дана приблизительно),https://runivers.ru/doc/rusland/knyazheniya/481872/
468,Стародубское княжество,1331,1355,Дмитрий Федорович,https://runivers.ru/doc/rusland/knyazheniya/481873/
468,Стародубское княжество,1356,1363,Иван Федорович,https://runivers.ru/doc/rusland/knyazheniya/481874/
1082,Суздальская земля,1108,1157,Юрий Владимирович Долгорукий. (Дата начала правления дана приблизительно),https://runivers.ru/doc/rusland/knyazheniya/484844/
1082,Суздальская земля,1158,1173,Андрей Юрьевич Боголюбский,https://runivers.ru/doc/rusland/knyazheniya/484845/
1082,Суздальская земля,1174,1175,Мстислав Ростиславич Безокий,https://runivers.ru/doc/rusland/knyazheniya/484846/
1082,Суздальская земля,1176,1176,Михалко Юрьевич,https://runivers.ru/doc/rusland/knyazheniya/484847/
1082,Суздальская земля,1177,1212,Всеволод Юрьевич Большое Гнездо,https://runivers.ru/doc/rusland/knyazheniya/484848/
1082,Суздальская земля,1213,1216,Юрий Всеволодич (1-й раз),https://runivers.ru/doc/rusland/knyazheniya/484849/
1082,Суздальская земля,1216,1218,Константин Всеволодич,https://runivers.ru/doc/rusland/knyazheniya/484850/
1082,Суздальская земля,1218,1238,Юрий Всеволодич (2-й раз),https://runivers.ru/doc/rusland/knyazheniya/484851/
1082,Суздальская земля,1239,1246,Ярослав Всеволодич,https://runivers.ru/doc/rusland/knyazheniya/484852/
1082,Суздальская земля,1247,1256,Правитель не известен,
1082,Суздальская земля,1257,1264,Андрей Ярославич,https://runivers.ru/doc/rusland/knyazheniya/481884/
1082,Суздальская земля,1265,1279,Юрий Андреевич (?),https://runivers.ru/doc/rusland/knyazheniya/481885/
1082,Суздальская земля,1280,1309,Василий Андреевич (Михайлович?). (Дата окончания правления дана приблизительно),https://runivers.ru/doc/rusland/knyazheniya/481886/
1082,Суздальская земля,1310,1331,Александр Васильевич,https://runivers.ru/doc/rusland/knyazheniya/481887/
1082,Суздальская земля,1332,1341,Константин Васильевич,https://runivers.ru/doc/rusland/knyazheniya/481888/
798,Суздальское княжество,1257,1264,Андрей Ярославич,https://runivers.ru/doc/rusland/knyazheniya/481884/
798,Суздальское княжество,1265,1278,Юрий Андреевич (?),https://runivers.ru/doc/rusland/knyazheniya/481885/
798,Суздальское княжество,1279,1308,Василий Андреевич (Михайлович?). (Дата окончания правления дана приблизительно),https://runivers.ru/doc/rusland/knyazheniya/481886/
798,Суздальское княжество,1309,1331,Александр Васильевич,https://runivers.ru/doc/rusland/knyazheniya/481887/
798,Суздальское княжество,1332,1341,Константин Васильевич,https://runivers.ru/doc/rusland/knyazheniya/481888/
641,Тверское княжество,1247,1271,Ярослав Ярославич. (Дата начала правления дана приблизительно),https://runivers.ru/doc/rusland/knyazheniya/481889/
641,Тверское княжество,1272,1285,Святослав Ярославич. (Дата окончания правления дана приблизительно),https://runivers.ru/doc/rusland/knyazheniya/481890/
641,Тверское княжество,1286,1318,Михаил Ярославич. (Дата начала правления дана приблизительно),https://runivers.ru/doc/rusland/knyazheniya/481891/
641,Тверское княжество,1319,1326,Дмитрий Михайлович Грозные Очи,https://runivers.ru/doc/rusland/knyazheniya/481892/
641,Тверское княжество,1327,1327,Александр Михайлович (1-й раз),https://runivers.ru/doc/rusland/knyazheniya/481893/
641,Тверское княжество,1328,1337,Константин Михайлович (1-й раз),https://runivers.ru/doc/rusland/knyazheniya/481894/
641,Тверское княжество,1338,1339,Александр Михайлович (2-й раз),https://runivers.ru/doc/rusland/knyazheniya/481895/
641,Тверское княжество,1340,1346,Константин Михайлович (2-й раз),https://runivers.ru/doc/rusland/knyazheniya/481896/
641,Тверское княжество,1347,1349,Всеволод Александрович,https://runivers.ru/doc/rusland/knyazheniya/481897/
641,Тверское княжество,1350,1367,Василий Михайлович,https://runivers.ru/doc/rusland/knyazheniya/481898/
641,Тверское княжество,1368,1399,Михаил Александрович,https://runivers.ru/doc/rusland/knyazheniya/481899/
641,Тверское княжество,1400,1424,Иван Михайлович,https://runivers.ru/doc/rusland/knyazheniya/481900/
641,Тверское княжество,1425,1425,Александр Иванович,https://runivers.ru/doc/rusland/knyazheniya/481901/
641,Тверское княжество,1426,1461,Борис Александрович,https://runivers.ru/doc/rusland/knyazheniya/481902/
641,Тверское княжество,1462,1485,Михаил Борисович,https://runivers.ru/doc/rusland/knyazheniya/481903/
1062,Турово-Пинская земля,1151,1161,Юрий Ярославич. (Даты начала и окончания правлений даны приблизительно),https://runivers.ru/doc/rusland/knyazheniya/481765/
1062,Турово-Пинская земля,1162,1168,Святополк Юрьевич (1-й раз?). (Даты начала и окончания правлений даны приблизительно),https://runivers.ru/doc/rusland/knyazheniya/481766/
1062,Турово-Пинская земля,1169,1182,Иван Юрьевич. (Даты начала и окончания правлений даны приблизительно),https://runivers.ru/doc/rusland/knyazheniya/481767/
1062,Турово-Пинская земля,1184,1190,Святополк Юрьевич (2-й раз?). (Дата начала правления дана приблизительно),https://runivers.ru/doc/rusland/knyazheniya/481768/
1062,Турово-Пинская земля,1191, 1195,Глеб Юрьевич,https://runivers.ru/doc/rusland/knyazheniya/481769/
1062,Турово-Пинская земля,1196,1220,Правитель не известен,
1062,Турово-Пинская земля,1221,1240,Ростислав Пинский. (Даты начала и окончания правлений даны приблизительно),https://runivers.ru/doc/rusland/knyazheniya/481771/
1062,Турово-Пинская земля,1241,1249,Михаил (Ростиславич?). (Даты начала и окончания правлений даны приблизительно),https://runivers.ru/doc/rusland/knyazheniya/481772/
1062,Турово-Пинская земля,1250,1261,Правитель не известен,
1062,Турово-Пинская земля,1262,1270,Федор Владимирович. (Даты начала и окончания правлений даны приблизительно),https://runivers.ru/doc/rusland/knyazheniya/481773/
1062,Турово-Пинская земля,1271,1290,Правитель не известен,
1062,Турово-Пинская земля,1291,1299,Юрий Владимирович и Демид Владимирович. (Даты начала и окончания правлений даны приблизительно),https://runivers.ru/doc/rusland/knyazheniya/481774/
795,Угличское княжество,1218,1249,Владимир Константинович. (Дата конца правления дана приблизительно),https://runivers.ru/doc/rusland/knyazheniya/481904/
795,Угличское княжество,1250,1285,Роман Владимирович. (Даты начала и окончания правлений даны приблизительно),https://runivers.ru/doc/rusland/knyazheniya/481905/
795,Угличское княжество,1286,1288,Дмитрий Борисович (1ый раз),https://runivers.ru/doc/rusland/knyazheniya/481906/
795,Угличское княжество,1289,1289,Александр Федорович (1ый раз). (Дата конца правления дана приблизительно),https://runivers.ru/doc/rusland/knyazheniya/481907/
795,Угличское княжество,1290,1290,Дмитрий Борисович (2-й раз),https://runivers.ru/doc/rusland/knyazheniya/481908/
795,Угличское княжество,1291,1291,Александр Федорович (2-й раз) (?). (Даты начала и окончания правлений даны приблизительно),https://runivers.ru/doc/rusland/knyazheniya/481909/
795,Угличское княжество,1294,Нач. 14 в.,Александр Константинович. (Дата конца правления дана приблизительно),https://runivers.ru/doc/rusland/knyazheniya/481910/
1087,Черниговская земля,1094,1097,Олег Святославич,https://runivers.ru/doc/rusland/knyazheniya/481911/
1087,Черниговская земля,1098, 1122,Давыд Святославич,https://runivers.ru/doc/rusland/knyazheniya/481912/
1087,Черниговская земля,1123,1127,Ярослав Святославич,https://runivers.ru/doc/rusland/knyazheniya/481913/
1087,Черниговская земля,1128,1138,Всеволод Ольгович,https://runivers.ru/doc/rusland/knyazheniya/481914/
1087,Черниговская земля, 1139,1150,Владимир Давыдович,https://runivers.ru/doc/rusland/knyazheniya/481915/
1087,Черниговская земля,1151,1156,Изяслав Давыдович,https://runivers.ru/doc/rusland/knyazheniya/481916/
1087,Черниговская земля,1157,1163,Святослав Ольгович,https://runivers.ru/doc/rusland/knyazheniya/481917/
1087,Черниговская земля,1164,1181,Святослав Всеволодич,https://runivers.ru/doc/rusland/knyazheniya/481918/
1087,Черниговская земля,1182,1198,Ярослав Всеволодич,https://runivers.ru/doc/rusland/knyazheniya/481919/
1087,Черниговская земля,1199,1202,Игорь Святославич,https://runivers.ru/doc/rusland/knyazheniya/481920/
1087,Черниговская земля,1203,1204,Олег Святославич,https://runivers.ru/doc/rusland/knyazheniya/481921/
1087,Черниговская земля,1205,1210,"Всеволод Святославич ""Чермный""",https://runivers.ru/doc/rusland/knyazheniya/481922/
1087,Черниговская земля,1211,1212,Рюрик Ростиславич,https://runivers.ru/doc/rusland/knyazheniya/481923/
1087,Черниговская земля,1212,1211,Глеб Святославич. (Дата конца правления дана приблизительно),https://runivers.ru/doc/rusland/knyazheniya/481924/
1087,Черниговская земля,1212,1223,Мстислав Святославич. (Дата начала правления дана приблизительно),https://runivers.ru/doc/rusland/knyazheniya/481925/
1087,Черниговская земля,1223,1225,Константин Ольгович,https://runivers.ru/doc/rusland/knyazheniya/481926/
1087,Черниговская земля,1226,1246,Михаил Всеволодич,https://runivers.ru/doc/rusland/knyazheniya/481927/
1087,Черниговская земля,1247,1261,Всеволод Ярополчич. (Дата конца правления дана приблизительно),https://runivers.ru/doc/rusland/knyazheniya/481928/
1087,Черниговская земля,1262,1290,Роман Михайлович. (Даты начала и окончания правлений даны приблизительно),https://runivers.ru/doc/rusland/knyazheniya/481929/
1087,Черниговская земля,1291,1295,Олег Романович. (Даты начала и окончания правлений даны приблизительно),https://runivers.ru/doc/rusland/knyazheniya/481930/
1087,Черниговская земля,1296,1301,Михаил Дмитриевич. (Даты начала и окончания правлений даны приблизительно),https://runivers.ru/doc/rusland/knyazheniya/481931/
1087,Черниговская земля,1302,1360,Михаил Александрович. (Даты начала и окончания правлений даны приблизительно),https://runivers.ru/doc/rusland/knyazheniya/481932/
1087,Черниговская земля,1360,1401,Роман Михайлович. (Дата начала правления дана приблизительно),https://runivers.ru/doc/rusland/knyazheniya/481933/
794,Юрьевское княжество,1212,1252,Святослав Всеволодович,https://runivers.ru/doc/rusland/knyazheniya/481934/
794,Юрьевское княжество,1253,1269,Дмитрий Святославич,https://runivers.ru/doc/rusland/knyazheniya/481935/
794,Юрьевское княжество,1269,1300,Ярослав Дмитриевич (?). (Дата конца правления дана приблизительно),https://runivers.ru/doc/rusland/knyazheniya/481936/
794,Юрьевское княжество,1301,1347,Иван Ярославич. (Даты начала и окончания правлений даны приблизительно),https://runivers.ru/doc/rusland/knyazheniya/481937/
800,Ярославское княжество,1218,1238,Всеволод Константинович,https://runivers.ru/doc/rusland/knyazheniya/481938/
800,Ярославское княжество,1239,1249,Василий Всеволодович,https://runivers.ru/doc/rusland/knyazheniya/481939/
800,Ярославское княжество,1250,1259,Правитель не известен,
800,Ярославское княжество,1260,1299,Федор Ростиславич. (Дата начала правления дана приблизительно),https://runivers.ru/doc/rusland/knyazheniya/481940/
800,Ярославское княжество,1300,1321,Давыд Федорович,https://runivers.ru/doc/rusland/knyazheniya/481941/
800,Ярославское княжество,1322,1345,Василий Давыдович,https://runivers.ru/doc/rusland/knyazheniya/481942/
800,Ярославское княжество,1346,1373,Михаил Давыдович. (Дата конца правления дана приблизительно),https://runivers.ru/doc/rusland/knyazheniya/481943/
800,Ярославское княжество,1374,1395,Василий Васильевич. (Даты начала и окончания правлений даны приблизительно),https://runivers.ru/doc/rusland/knyazheniya/481944/
800,Ярославское княжество,1396,1426,Иван Васильевич. (Дата начала правления дана приблизительно),https://runivers.ru/doc/rusland/knyazheniya/481945/
800,Ярославское княжество,1427,1433,Федор Васильевич. (Даты начала и окончания правлений даны приблизительно),https://runivers.ru/doc/rusland/knyazheniya/481946/
800,Ярославское княжество,1434,1463,Александр Федорович. (Дата начала правления дана приблизительно),https://runivers.ru/doc/rusland/knyazheniya/481947/
797,Ярославское княжество,1218,1238,Всеволод Константинович,https://runivers.ru/doc/rusland/knyazheniya/481938/
797,Ярославское княжество,1239,1249,Василий Всеволодович,https://runivers.ru/doc/rusland/knyazheniya/481939/
797,Ярославское княжество,1250,1259,Правитель не известен,
797,Ярославское княжество,1260,1299,Федор Ростиславич. (Дата начала правления дана приблизительно),https://runivers.ru/doc/rusland/knyazheniya/481940/
797,Ярославское княжество,1300,1321,Давыд Федорович,https://runivers.ru/doc/rusland/knyazheniya/481941/
797,Ярославское княжество,1322,1345,Василий Давыдович,https://runivers.ru/doc/rusland/knyazheniya/481942/
797,Ярославское княжество,1346,1373,Михаил Давыдович. (Дата конца правления дана приблизительно),https://runivers.ru/doc/rusland/knyazheniya/481943/
797,Ярославское княжество,1374,1395,Василий Васильевич. (Даты начала и окончания правлений даны приблизительно),https://runivers.ru/doc/rusland/knyazheniya/481944/
797,Ярославское княжество,1396,1426,Иван Васильевич. (Дата начала правления дана приблизительно),https://runivers.ru/doc/rusland/knyazheniya/481945/
797,Ярославское княжество,1427,1433,Федор Васильевич. (Даты начала и окончания правлений даны приблизительно),https://runivers.ru/doc/rusland/knyazheniya/481946/
797,Ярославское княжество,1434,1463,Александр Федорович. (Дата начала правления дана приблизительно),https://runivers.ru/doc/rusland/knyazheniya/481947/
